observer_thinking_level,observations,configs,task_requirement_count,task_requirement_share,code_structure_count,code_structure_share,implementation_state_count,implementation_state_share,test_failure_count,test_failure_share,self_reported_completion_count,self_reported_completion_share,other_count,other_share
high,670,1,44,0.06567164179104477,86,0.12835820895522387,352,0.5253731343283582,145,0.21641791044776118,20,0.029850746268656716,23,0.034328358208955224
max,1533,1,155,0.10110893672537508,185,0.12067840834964122,732,0.4774951076320939,346,0.22570123939986952,34,0.02217873450750163,81,0.05283757338551859
off,2372,4,186,0.07841483979763912,232,0.09780775716694773,710,0.29932546374367625,607,0.25590219224283306,541,0.22807757166947723,96,0.04047217537942664
low,1462,3,132,0.09028727770177838,145,0.09917920656634747,431,0.2948016415868673,373,0.2551299589603283,332,0.2270861833105335,49,0.033515731874145006
xhigh,1075,3,250,0.23255813953488372,138,0.1283720930232558,373,0.3469767441860465,171,0.15906976744186047,89,0.0827906976744186,54,0.05023255813953489
